freq,Gain,Phase
0.1,56.02098627111916,-88.05326902488413
0.1011579454259898,55.921139134514526,-88.03075403450528
0.1023292992280754,55.8212955527879,-88.00797929108128
0.1035142166679343,55.721455608472496,-87.98494180641545
0.1047128548050899,55.62161938600718,-87.96163857523273
0.1059253725177288,55.521786971787805,-87.93806656745805
0.1071519305237606,55.421958454209374,-87.91422270812677
0.1083926914021203,55.322133923707206,-87.89010386301506
0.1096478196143185,55.22231347281736,-87.86570692254128
0.1109174815262401,55.12249719619747,-87.84102867875956
0.1122018454301963,55.02268519071922,-87.8160659261588
0.1135010815672315,54.922877555468645,-87.79081541451468
0.1148153621496882,54.82307439182824,-87.76527386113385
0.1161448613840342,54.72327580353404,-87.73943794600756
0.1174897554939529,54.623481896704206,-87.71330429113804
0.1188502227437018,54.523692779915045,-87.68686951314326
0.1202264434617413,54.42390856424976,-87.66013017240958
0.1216186000646368,54.324129363349165,-87.63308280388915
0.1230268770812381,54.224355293481594,-87.60572390003601
0.1244514611771385,54.12458647360307,-87.57804989633749
0.1258925411794167,54.024823025405425,-87.55005720710366
0.1273503081016661,53.92506507339544,-87.52174221320246
0.1288249551693134,53.825312744941584,-87.49310123403323
0.1303166778452299,53.72556617035234,-87.46413057849024
0.1318256738556407,53.625825482948486,-87.43482648976136
0.1333521432163324,53.52609081910238,-87.40518515752895
0.1348962882591653,53.42636231835071,-87.37520278284697
0.1364583136588924,53.326640123430394,-87.34487547813293
0.1380384264602884,53.22692438036815,-87.31419931542686
0.1396368361055937,53.127215238547656,-87.2831703616809
0.1412537544622754,53.02751285079818,-87.25178460191597
0.1428893958511102,52.92781737346581,-87.22003798994476
0.1445439770745927,52.82812896647863,-87.18792644711158
0.1462177174456718,52.72844779345498,-87.15544583153732
0.1479108388168207,52.628774021768976,-87.1225919697737
0.1496235656094433,52.52910782263893,-87.08936064605875
0.1513561248436208,52.429449371224926,-87.05574758473541
0.153108746168203,52.32979884669645,-87.02174846955563
0.1548816618912481,52.23015643234335,-86.98735894426217
0.1566751070108149,52.13052231565931,-86.95257461934251
0.1584893192461113,52.03089668844573,-86.91739102323264
0.1603245390690041,51.93127974688772,-86.88180366378667
0.162181009735893,51.83167169167645,-86.84580798906921
0.1640589773199539,51.7320727281062,-86.8093994058395
0.165958690743756,51.6324830661672,-86.7725732557665
0.167880401812256,51.532902920660376,-86.7353248672315
0.1698243652461744,51.433332511298026,-86.6976494796517
0.1717908387157588,51.333772062818674,-86.65954230739146
0.1737800828749375,51.23422180511552,-86.62099850751457
0.1757923613958692,51.13468197331165,-86.5820131776947
0.1778279410038922,51.035152807921456,-86.54258137856218
0.1798870915128787,50.935634554946496,-86.50269812300044
0.1819700858609983,50.83612746599927,-86.46235834452638
0.1840772001468956,50.73663179844395,-86.42155695670417
0.1862087136662867,50.6371478155016,-86.3802887925945
0.18836490894898,50.5376757863958,-86.33854865498263
0.1905460717963247,50.43821598648645,-86.29633128257414
0.1927524913190936,50.3387686974081,-86.25363136066592
0.1949844599758045,50.239334207198006,-86.21044351939126
0.1972422736114853,50.13991281043944,-86.1667623435489
0.1995262314968879,50.0405048084286,-86.1225823561016
0.201836636368156,49.9411105092926,-86.07789801386154
0.2041737944669529,49.84173022815912,-86.03270373400963
0.2065380155810529,49.742364287312576,-85.98699386775817
0.2089296130854039,49.64301301633485,-85.9407627327949
0.2113489039836646,49.54367675229488,-85.89400454748606
0.2137962089502232,49.44435583987748,-85.84671351815686
0.216271852372702,49.34505063158339,-85.79888375858012
0.2187761623949552,49.245761487874766,-85.75050935011333
0.2213094709605637,49.146488777374955,-85.70158430440637
0.2238721138568339,49.047232877024186,-85.65210257098398
0.2264644307593059,48.947994172276005,-85.60205805054413
0.2290867652767773,48.84877305727337,-85.55144458099315
0.2317394649968478,48.749569935044406,-85.50025592961273
0.2344228815319921,48.65038521769413,-85.44848583095937
0.2371373705661655,48.55121932660464,-85.39612793342864
0.239883291901949,48.45207269261998,-85.34317583376513
0.2426610095082415,48.35294575628641,-85.28962308494116
0.245470891568503,48.25383896800572,-85.23546314638081
0.248313310529557,48.15475278831788,-85.18068945830206
0.251188643150958,48.05568768804604,-85.12529536537569
0.2540972705549305,47.95664414858476,-85.06927416557036
0.2570395782768863,47.85762266207036,-85.01261908804007
0.2600159563165271,47.758623731651085,-84.95532331948756
0.2630267991895381,47.659647871695896,-84.89737995515607
0.2660725059798809,47.56069560805277,-84.83878206591305
0.2691534803926915,47.461767478275235,-84.77952262539577
0.2722701308077912,47.36286403188184,-84.71959457020819
0.2754228703338166,47.263985830611745,-84.65899076336542
0.278612116862977,47.16513344866351,-84.59770401056704
0.2818382931264453,47.066307472973946,-84.53572705127942
0.2851018267503909,46.96750850349146,-84.47305257581331
0.2884031503126606,46.868737153434026,-84.40967318535121
0.2917427014001167,46.76999404956933,-84.34558144916124
0.2951209226666385,46.67127983249774,-84.28076986550445
0.2985382618917959,46.57259515693749,-84.21523085630467
0.3019951720402016,46.473940692028464,-84.1489568104395
0.3054921113215513,46.375317121617755,-84.08194002891798
0.309029543251359,46.276725144557965,-84.01417275897859
0.3126079367123955,46.17816547503772,-83.94564719591112
0.3162277660168379,46.079638842864576,-83.87635546602955
0.3198895109691398,45.981145993808475,-83.80628964690929
0.3235936569296282,45.88268768991104,-83.73544174097432
0.3273406948788382,45.78426470983089,-83.6638036926651
0.3311311214825911,45.68587784915031,-83.5913673943414
0.3349654391578277,45.58752792074945,-83.5181246851077
0.3388441561392026,45.48921575512906,-83.4440673311726
0.3427677865464504,45.3909422007628,-83.36918705478747
0.3467368504525316,45.292708124465015,-83.29347550345689
0.350751873952568,45.19451441175914,-83.21692429001142
0.3548133892335755,45.096361967214655,-83.13952495307679
0.3589219346450052,44.99825171485742,-83.06126898444454
0.3630780547701014,44.90018459852732,-82.9821478247742
0.3672823004980846,44.802161582261355,-82.90215285501507
0.3715352290971725,44.704183650704735,-82.82127539819699
0.3758374042884441,44.60625180947758,-82.73950674708078
0.3801893963205611,44.50836708561794,-82.65683811485513
0.3845917820453535,44.41053052793151,-82.57326068105395
0.3890451449942806,44.31274320746528,-82.48876558062172
0.3935500754557774,44.215006217875555,-82.40334389472102
0.3981071705534972,44.117320675890234,-82.31698664881645
0.4027170343254591,44.01968772170502,-82.229684840876
0.4073802778041127,43.9221085194435,-82.14142941572477
0.4120975190973301,43.82458425758325,-82.05221127043453
0.4168693834703354,43.727116149403486,-81.96202127339286
0.4216965034285822,43.62970543343899,-81.87085024581324
0.4265795188015927,43.532353373926526,-81.77868897108908
0.4315190768277652,43.435061261273376,-81.68552820737219
0.436515832240166,43.33783041251068,-81.59135866159941
0.4415704473533125,43.24066217178124,-81.49617102399536
0.4466835921509632,43.14355791079288,-81.39995594078916
0.4518559443749223,43.0465190293043,-81.30270404333245
0.457088189614875,42.94954695561272,-81.20440592698387
0.4623810213992602,42.8526431470374,-81.10505217413727
0.4677351412871982,42.75580909040482,-81.00463333192525
0.4731512589614805,42.659046302532026,-80.9031399348618
0.4786300923226384,42.56235633076096,-80.80056251170478
0.4841723675840994,42.465740753415275,-80.69689156381875
0.4897788193684461,42.369201180332496,-80.59211758172114
0.4954501908047901,42.272739253346685,-80.4862310581732
0.5011872336272722,42.17635664683223,-80.37922247098942
0.5069907082747043,42.080055068173365,-80.27108230684831
0.5128613839913648,41.98383625829807,-80.16180104439931
0.518800038928961,41.88770199218328,-80.05136916693651
0.5248074602497725,41.79165407937788,-79.93977717690225
0.5308844442309884,41.6956943645118,-79.82701557571885
0.5370317963702527,41.59982472780553,-79.71307488828013
0.5432503314924331,41.504047085595566,-79.59794565522483
0.5495408738576245,41.40836339085415,-79.4816184458635
0.5559042572704036,41.31277563366876,-79.36408385452714
0.5623413251903491,41.217285841806806,-79.24533250538181
0.5688529308438414,41.1218960811674,-79.1253550583783
0.5754399373371569,41.026608456337534,-79.00414222352929
0.5821032177708714,40.931425111056406,-78.88168474763066
0.588843655355589,40.83634822875005,-78.75797343046345
0.5956621435290104,40.741380033004056,-78.63299913034278
0.6025595860743577,40.64652278805956,-78.5067527644213
0.6095368972401692,40.551778799304415,-78.37922531698821
0.6165950018614823,40.457150413723966,-78.25040784793394
0.6237348354824193,40.362640020414666,-78.12029148665685
0.6309573444801932,40.268250051017006,-77.98886745643027
0.6382634861905488,40.17398298017928,-77.8561270624778
0.6456542290346556,40.07984132599182,-77.72206170886102
0.6531305526474723,39.98582765044699,-77.58666290543553
0.6606934480075959,39.89194455981709,-77.44992226853401
0.6683439175686146,39.798194705116416,-77.3118315256973
0.6760829753919818,39.704580782464255,-77.17238253726906
0.6839116472814292,39.611105533476334,-77.03156728632041
0.6918309709189365,39.51777174563629,-76.8893778956012
0.6998419960022734,39.4245822526327,-76.74580663671478
0.7079457843841379,39.331539934723686,-76.6008459266811
0.716143410212902,39.23864771901721,-76.45448834809606
0.7244359600749901,39.14590857978554,-76.30672665258876
0.732824533138904,39.05332553873908,-76.15755376589674
0.7413102413009174,38.96090166527119,-76.00696280447627
0.7498942093324558,38.86864007669946,-75.85494707283151
0.7585775750291837,38.776543938466176,-75.70150008550442
0.767361489361819,38.68461646430519,-75.54661556395735
0.7762471166286917,38.592860916411745,-75.39028745534459
0.7852356346100718,38.50128060555443,-75.23250993577551
0.7943282347242816,38.40987889117624,-75.07327742219204
0.8035261221856173,38.31865918141905,-74.9125845834007
0.8128305161640994,38.22762493323358,-74.75042635004766
0.8222426499470713,38.13677965228028,-74.58679792144667
0.831763771102671,38.04612689294781,-74.42169477927541
0.8413951416451951,37.955670258249754,-74.25511269939337
0.8511380382023765,37.86541339971278,-74.0870477550243
0.8609937521846007,37.77536001719264,-73.91749633965051
0.8709635899560805,37.685513858732826,-73.74645517016958
0.881048873008014,37.595878720253246,-73.57392129527886
0.8912509381337455,37.50645844528445,-73.39989211943316
0.9015711376059568,37.41725692463722,-73.22436539737308
0.9120108393559097,37.32827809601039,-73.04733926023934
0.9225714271547631,37.239525943529294,-72.86881222463914
0.9332543007969912,37.15100449730495,-72.68878319506915
0.9440608762859232,37.06271783284821,-72.50725148890902
0.9549925860214358,36.974670070485885,-72.3242168417463
0.9660508789898132,36.886865374696576,-72.13967941658272
0.9772372209558106,36.79930795340685,-71.95363982749113
0.9885530946569387,36.712002057219046,-71.76609914154392
1.0,36.62495197856062,-71.5770588942292
1.0115794542598984,36.538162050794696,-71.38652110671569
1.023292992280754,36.45163664723144,-71.1944882906839
1.0351421666793437,36.36538018015564,-71.0009634690259
1.0471285480508996,36.27939709964912,-70.80595018339247
1.0592537251772887,36.19369189249361,-70.60945250713486
1.0715193052376066,36.10826908086687,-70.4114750641781
1.0839269140212031,36.023133221111394,-70.21202303279053
1.096478196143185,35.93828890226088,-70.01110216421507
1.1091748152624008,35.85374074465702,-69.8087187943719
1.1220184543019636,35.76949339837049,-69.60487985687134
1.1350108156723149,35.685551541626715,-69.39959289153299
1.1481536214968828,35.601919879095654,-69.19286606400655
1.1614486138403428,35.51860314012955,-68.9847081708431
1.1748975549395295,35.43560607693907,-68.77512865730432
1.1885022274370183,35.35293346266942,-68.56413762469035
1.2022644346174132,35.27059008937322,-68.35174584403165
1.2161860006463678,35.18858076597382,-68.13796477273027
1.2302687708123818,35.10691031606377,-67.92280655669043
1.2445146117713852,35.025583575700765,-67.70628404486902
1.2589254117941675,34.94460539107,-67.48841080625873
1.2735030810166617,34.86398061609516,-67.26920113024696
1.2882495516931343,34.78371410993485,-67.0486700446621
1.3031667784522996,34.703810734472086,-66.82683332145744
1.3182567385564075,34.62427535163635,-66.60370748758048
1.333521432163324,34.54511282071449,-66.3793098346619
1.348962882591653,34.466327995569095,-66.15365842678823
1.3645831365889247,34.38792572176147,-65.92677210735889
1.3803842646028848,34.30991083362246,-65.69867051030285
1.3963683610559379,34.23228815124475,-65.46937406301673
1.412537544622754,34.15506247742636,-65.23890399675926
1.428893958511103,34.07823859449447,-65.00728235108419
1.4454397707459272,34.00182126113159,-64.77453197944855
1.4621771744567185,33.925815209071374,-64.5406765525691
1.4791083881682072,33.85022513980478,-64.30574056876732
1.4962356560944337,33.77505572115963,-64.06974934726766
1.513561248436208,33.700311583875326,-63.83272904279782
1.5310874616820305,33.625997318107245,-63.5947066388041
1.5488166189124812,33.55211746989375,-63.35570995420252
1.5667510701081495,33.47867653754378,-63.11576764312577
1.5848931924611132,33.40567896806472,-62.87490919267172
1.603245390690042,33.33312915345623,-62.63316492623687
1.6218100973589296,33.26103142703979,-62.3905659982744
1.6405897731995396,33.18939005974866,-62.14714439604925
1.6595869074375607,33.11820925637922,-61.902932931728785
1.6788040181225607,33.04749315182748,-61.65796524173511
1.6982436524617444,32.97724580735264,-61.41227578145856
1.7179083871575884,32.90747120675465,-61.165899820340776
1.7378008287493751,32.8381732526373,-60.9188734332448
1.7579236139586931,32.76935576263529,-60.67123349457108
1.7782794100389228,32.701022465610535,-60.42301766888204
1.7988709151287876,32.633176997924856,-60.17426440291236
1.8197008586099837,32.565822899733575,-59.9250129146192
1.840772001468956,32.49896361125589,-59.675303184292446
1.862087136662868,32.43260246911214,-59.425175938191686
1.8836490894898004,32.366742702686665,-59.174672640174464
1.9054607179632477,32.301387430549205,-58.923835475896794
1.9275249131909356,32.236539656915134,-58.67270733838356
1.9498445997580451,32.1722022681691,-58.421331813654675
1.9724227361148536,32.108378029435045,-58.16975316208449
1.99526231496888,32.04506958123114,-57.91801630429719
2.0183663636815607,31.9822794362012,-57.666166799784875
2.0417379446695296,31.920009975906307,-57.41425083192365
2.0653801558105287,31.858263447725736,-57.16231518463576
2.08929613085404,31.79704196183152,-56.9104072229488
2.113489039836647,31.73634748827093,-56.65857487408137
2.1379620895022327,31.67618185413843,-56.40686660204642
2.1627185237270203,31.616546740882804,-56.15533138736681
2.187761623949553,31.55744368168355,-55.90401870327038
2.2130947096056377,31.498874058985344,-55.65297848957917
2.2387211385683403,31.440839102123164,-55.40226113204938
2.2646443075930596,31.38333988512304,-55.15191743308112
2.290867652767774,31.326377324544925,-54.90199858869764
2.3173946499684788,31.269952177559492,-54.65255616082823
2.3442288153199224,31.21406504010273,-54.403642050551696
2.371373705661655,31.15871634517468,-54.15530847158456
2.3988329190194895,31.10390636130376,-53.90760792218652
2.426610095082416,31.04963519115925,-53.66059315717554
2.45470891568503,30.995902770276405,-53.4143171589224
2.4831331052955705,30.942708865972957,-53.16883311063584
2.51188643150958,30.890053076413217,-52.9241943650653
2.5409727055493057,30.83793482978273,-52.680454417008896
2.5703957827688635,30.78635338369676,-52.43766687431018
2.6001595631652723,30.73530782468055,-52.19588542710736
2.6302679918953817,30.68479706787098,-51.95516382084632
2.66072505979881,30.634819856825303,-51.71555582369952
2.6915348039269156,30.585374763531664,-51.47711519992941
2.7227013080779128,30.53646018853282,-51.239895681539274
2.7542287033381663,30.488074361223642,-51.00395093473074
2.786121168629771,30.44021534029692,-50.76933453566424
2.8183829312644537,30.39288101434389,-50.53609993890623
2.8510182675039095,30.346069102603053,-50.30430045089572
2.8840315031266055,30.299777155822344,-50.07398919962864
2.917427014001168,30.254002557322636,-49.84521910908801
2.9512092266663856,30.20874252415064,-49.61804287018273
2.9853826189179604,30.163994108392707,-49.392512914386366
3.019951720402016,30.119754198593213,-49.16868138808488
3.054921113215514,30.076019521349515,-48.94660012365979
3.0902954325135905,30.032786642989965,-48.726320617000965
3.126079367123956,29.990051971357868,-48.50789400177116
3.1622776601683795,29.9478117577774,-48.29137102258564
3.198895109691397,29.906062099059156,-48.07680201540887
3.2359365692962827,29.864798939638423,-47.86423687993417
3.273406948788381,29.824018073820923,-47.65372506106778
3.311311214825912,29.783715148107262,-47.44531552276824
3.349654391578276,29.74388566360897,-47.23905673175465
3.388441561392025,29.70452497855416,-47.03499663278153
3.427677865464503,29.66562831086992,-46.83318263181176
3.4673685045253166,29.627190740818644,-46.63366157532169
3.50751873952568,29.589207213727132,-46.43647973246241
3.548133892335755,29.551672542746328,-46.24168277945029
3.589219346450052,29.514581411695584,-46.04931577923216
3.6307805477010144,29.477928377924727,-45.85942316913027
3.6728230049808466,29.44170787523216,-45.67204874370716
3.7153522909717265,29.40591421682949,-45.487235641541375
3.7583740428844417,29.370541598322063,-45.30502633082214
3.801893963205613,29.335584100706047,-45.12546259704386
3.845917820453536,29.301035693404614,-44.94858553087066
3.890451449942807,29.266890237316726,-44.77443551733637
3.9355007545577743,29.23314148786012,-44.60305222453303
3.9810717055349736,29.19978309802229,-44.43447459468258
4.027170343254591,29.166808621413143,-44.26874083459851
4.073802778041128,29.134211515318903,-44.10588840809736
4.1209751909733034,29.101985143721826,-43.94595402780242
4.168693834703356,29.070122780327797,-43.788973648099834
4.216965034285823,29.038617611560845,-43.63498246034206
4.265795188015924,29.007462739532816,-43.48401488537478
4.3151907682776525,28.97665118498976,-43.336104570307995
4.3651583224016575,28.946175890229927,-43.191284382992094
4.415704473533125,28.916029721980667,-43.04958640861904
4.46683592150963,28.88620547420993,-42.9110419481078
4.518559443749225,28.85669587097294,-42.775681512502736
4.57088189614875,28.827493569112583,-42.643534823792855
4.623810213992604,28.798591161003515,-42.51463081189453
4.677351412871981,28.76998117717735,-42.38899761378388
4.7315125896148045,28.741656088945447,-42.26666257243508
4.786300923226383,28.71360831094357,-42.14765223759888
4.841723675840995,28.685830203612543,-42.03199236507783
4.897788193684462,28.65831407567295,-41.919707917531646
4.954501908047903,28.63105218644853,-41.81082306540088
5.011872336272722,28.60403674825277,-41.70536118758205
5.0699070827470445,28.577259928600768,-41.60334487321788
5.128613839913648,28.550713852435603,-41.50479592350324
5.188000389289613,28.52439060426561,-41.40973535404566
5.248074602497726,28.498282230255192,-41.31818339468137
5.308844442309884,28.47238074022509,-41.23015949512696
5.370317963702528,28.446678109646612,-41.14568232512366
5.4325033149243325,28.42116628152985,-41.06476977738532
5.495408738576246,28.39583716826352,-40.98743897036841
5.559042572704037,28.370682653415372,-40.913706251824046
5.623413251903491,28.34569459347292,-40.84358720009942
5.6885293084384125,28.32086481950529,-40.777096628422115
5.7543993733715695,28.29618513879156,-40.71424858631583
5.821032177708712,28.271647336408527,-40.65505636386106
5.88843655355589,28.247243176749095,-40.599532493356605
5.956621435290104,28.22296440498869,-40.547688752898445
6.025595860743579,28.198802748531687,-40.49953616778481
6.0953689724016895,28.174749918382965,-40.455085015295246
6.165950018614822,28.150797610517884,-40.414344824609664
6.237348354824192,28.126937507164367,-40.37732438113304
6.3095734448019325,28.103161278104466,-40.344031727581246
6.382634861905487,28.0794605818674,-40.31447416712636
6.456542290346556,28.05582706699633,-40.288658264018366
6.531305526474724,28.03225237318169,-40.26658984643497
6.606934480075961,28.00872813242762,-40.248274007651155
6.6834391756861455,27.985245970201635,-40.23371510738953
6.760829753919819,27.961797506541767,-40.222916772911006
6.839116472814292,27.938374357130087,-40.21588190067919
6.918309709189366,27.914968134419205,-40.21261265602933
6.998419960022734,27.891570448668848,-40.21311047507315
7.07945784384138,27.868172909053225,-40.21737606402061
7.161434102129021,27.84476712469205,-40.225409399946656
7.2443596007499025,27.82134470574043,-40.23720973021778
7.328245331389041,27.797897264439488,-40.25277557262751
7.413102413009177,27.774416416221932,-40.2721047149113
7.498942093324558,27.75089378075302,-40.29519421383809
7.585775750291837,27.72732098307095,-40.32204039421726
7.673614893618189,27.70368965467962,-40.35263884816594
7.7624711662869155,27.679991434670768,-40.3869844336103
7.852356346100718,27.65621797089617,-40.42507127255621
7.943282347242814,27.63236092115444,-40.46689274976298
8.035261221856173,27.60841195435272,-40.51244151075856
8.12830516164099,27.584362751800917,-40.56170946000616
8.222426499470712,27.56020500845228,-40.61468775815983
8.317637711026709,27.53593043419913,-40.67136682101271
8.413951416451953,27.51153075523849,-40.731736315492256
8.511380382023763,27.486997715461992,-40.79578515856997
8.609937521846007,27.462323077853306,-40.863501513940435
8.709635899560807,27.43749862600256,-40.93487278939483
8.810488730080142,27.412516165600206,-41.00988563471909
8.912509381337456,27.387367526010657,-41.08852593790116
9.015711376059569,27.36204456192372,-41.17077882353456
9.120108393559098,27.33653915499072,-41.25662864911538
9.225714271547634,27.310843215585795,-41.346059002941274
9.33254300796991,27.28494868457272,-41.43905270156706
9.440608762859235,27.25884753517309,-41.53559178639722
9.549925860214358,27.23253177483312,-41.635657522211766
9.660508789898136,27.20599344721734,-41.739230393996955
9.772372209558105,27.17922463421996,-41.8462901054716
9.885530946569393,27.15221745802351,-41.956815576357705
10.0,27.1249640832672,-42.07078494112896
10.115794542598984,27.097456719230223,-42.1881755471732
10.232929922807536,27.069687622097824,-42.30896395339968
10.351421666793442,27.041649097273407,-42.433125929062875
10.471285480508996,27.013333501774312,-42.560636453616446
10.592537251772889,26.984733246635013,-42.69146971526479
10.71519305237606,26.95584079941992,-42.82559911193128
10.83926914021204,26.92664868678333,-42.96299725113048
10.964781961431852,26.897149497033364,-43.10363595044272
11.09174815262401,26.867335882816697,-43.24748623920425
11.22018454301963,26.837200563801815,-43.39451835992664
11.350108156723156,26.806736329438337,-43.54470177027572
11.481536214968829,26.775936041733864,-43.69800514606917
11.614486138403427,26.744792638117573,-43.85439638427928
11.748975549395292,26.713299134292686,-44.01384260676642
11.885022274370188,26.68144862714438,-44.17631016478965
12.022644346174133,26.649234297703927,-44.341764643939285
12.16186000646368,26.61664941409696,-44.510170869649045
12.302687708123813,26.583687334551204,-44.68149291348913
12.445146117713856,26.55034151041224,-44.855694100117674
12.589254117941676,26.51660548916592,-45.03273701503568
12.735030810166617,26.482472917482337,-45.21258351265936
12.882495516931336,26.44793754429419,-45.395194725676745
13.031667784523,26.41299322380036,-45.580531074370406
13.182567385564072,26.377633918558672,-45.76855227782507
13.33521432163324,26.341853702507755,-45.95921736454439
13.489628825916531,26.30564676398496,-46.15248468490701
13.64583136588924,26.269007408761453,-46.348311924044566
13.803842646028851,26.231930062999066,-46.54665611514061
13.963683610559379,26.194409276230047,-46.747473654061984
14.12537544622754,26.15643972424894,-46.95072031445846
14.28893958511102,26.11801621200207,-47.15635126381707
14.454397707459279,26.079133676418987,-47.364321080138254
14.621771744567184,26.03978718918596,-47.57458376928207
14.791083881682072,25.99997195944951,-47.78709278362499
14.962356560944327,25.959683336484616,-48.001801040737874
15.135612484362088,25.91891681226748,-48.218660943370715
15.310874616820303,25.877668023971506,-48.437624399972485
15.488166189124811,25.835932756394765,-48.65864284591319
15.667510701081486,25.793706944299046,-48.881667265226966
15.848931924611144,25.750986674633232,-49.10664821362786
16.032453906900418,25.707768188679847,-49.33353584137875
16.218100973589294,25.664047884096313,-49.56227991761103
16.40589773199539,25.61982231683104,-49.792829854513435
16.595869074375614,25.575088202939792,-50.02513473253197
16.788040181225607,25.529842420286325,-50.259143326265
16.982436524617444,25.48408201008976,-50.49480413022433
17.179083871575877,25.43780417838725,-50.732065385852245
17.378008287493763,25.39100629733141,-50.97087510856977
17.579236139586932,25.34368590637048,-51.21118111519504
17.78279410038923,25.295840713276263,-51.45293105198376
17.988709151287875,25.24746859504504,-51.6960724227915
18.197008586099823,25.198567598641368,-51.940552617879405
18.407720014689566,25.14913594159245,-52.1863189422261
18.620871366628677,25.099172012445877,-52.43331864519348
18.836490894898,25.04867437106632,-52.681498949300895
19.054607179632463,24.997641748771077,-52.930807079739296
19.275249131909366,24.946073048337382,-53.18119029370778
19.498445997580458,24.89396734382495,-53.432595909941035
19.724227361148532,24.841323880252887,-53.684971338193435
19.95262314968879,24.78814207313608,-53.93826410858407
20.183663636815616,24.734421507833705,-54.1924219009986
20.417379446695296,24.68016193878173,-54.44739257419
20.653801558105293,24.62536328853289,-54.70312419478728
20.89296130854039,24.57002564667264,-54.95956506609511
21.13489039836648,24.51414926856551,-55.21666375661649
21.379620895022327,24.45773457396423,-55.47436912812073
21.6271852372702,24.400782145470757,-55.732630363519725
21.87761623949552,24.343292726829105,-55.991396994364635
22.13094709605639,24.285267221123764,-56.25061892761137
22.3872113856834,24.22670668879542,-56.510246472414714
22.6464430759306,24.16761234554427,-56.770230365769955
22.908676527677727,24.10798556009368,-57.03052179828304
23.1739464996848,24.047827851842687,-57.29107243871745
23.44228815319923,23.98714088837432,-57.55183445833848
23.71373705661655,23.925926482859943,-57.81276055449906
23.9883291901949,23.86418659135084,-58.07380397345155
24.266100950824143,23.80192330995184,-58.3349185324672
24.547089156850312,23.739138871912026,-58.59605864142485
24.831331052955704,23.675835644591135,-58.857179323228735
25.1188643150958,23.612016126353986,-59.11823623391562
25.40972705549304,23.547682943385087,-59.37918568151943
25.703957827688647,23.482838846387217,-59.639984644430285
26.00159563165272,23.417486707251427,-59.90059078875374
26.302679918953817,23.351629515625785,-60.160962484835345
26.607250597988088,23.285270375432,-60.42105882291588
26.91534803926917,23.21841250133066,-60.68083962799129
27.227013080779127,23.15105921512228,-60.94026547363818
27.54228703338166,23.083213942120004,-61.19929769504303
27.861211686297697,23.01488020747147,-61.457898401182895
28.183829312644548,22.94606163245148,-61.7160304859048
28.510182675039097,22.87676193073007,-61.97365763835405
28.840315031266055,22.806984904616623,-62.23074435233626
29.174270140011657,22.736734441288817,-62.48725593487226
29.51209226666387,22.66601450901896,-62.74315851376453
29.853826189179603,22.594829153383085,-62.998419044427955
30.199517204020164,22.523182493481105,-63.2530053156787
30.549211132155126,22.451078718165626,-63.50688595482051
30.90295432513592,22.378522082272312,-63.76003043175602
31.26079367123956,22.305516902878825,-64.01240906230937
31.622776601683793,22.2320675555754,-64.26399301074896
31.988951096913972,22.15817847077056,-64.5147542914475
32.35936569296281,22.083854130020416,-64.76466576979547
32.73406948788383,22.00909906239648,-65.01370116231658
33.11311214825911,21.93391784089552,-65.26183503603329
33.49654391578276,21.858315078884225,-65.50904280709999
33.88441561392025,21.78229542660256,-65.75530073875073
34.27677865464505,21.705863567707286,-66.00058593849762
34.673685045253166,21.629024215872047,-66.24487635469752
35.0751873952568,21.55178211144814,-66.48815077250417
35.481338923357534,21.474142018180547,-66.73038880910615
35.89219346450054,21.396108719988383,-66.97157090847378
36.30780547701014,21.31768701780924,-67.21167833544638
36.728230049808474,21.238881726512982,-67.45069316933957
37.153522909717246,21.1596976718784,-67.68859829695073
37.58374042884442,21.080139687652817,-67.92537740514135
38.01893963205613,21.00021261266857,-68.16101497292054
38.45917820453536,20.919921288050336,-68.39549626303317
38.904514499428046,20.83927055448456,-68.62880731320071
39.35500754557776,20.758265249571046,-68.86093492690911
39.81071705534973,20.67691020525529,-69.09186666383478
40.27170343254591,20.59521024533316,-69.32159082993316
40.73802778041127,20.513170183035463,-69.55009646719789
41.20975190973304,20.430794818697397,-69.77737334312097
41.68693834703355,20.348088937499497,-70.00341193982044
42.16965034285823,20.265057307293997,-70.22820344303933
42.65795188015925,20.181704676506975,-70.45173973078342
43.151907682776496,20.09803577212505,-70.67401336181156
43.651583224016605,20.01405529775284,-70.89501756394516
44.15704473533125,19.929767931760175,-71.11474622217895
44.6683592150963,19.845178325493713,-71.33319386667453
45.18559443749223,19.760291101581878,-71.55035566061048
45.70881896148752,19.67511085229984,-71.7662273879266
46.23810213992604,19.589642138023414,-71.98080544101525
46.77351412871982,19.50388948575281,-72.19408680828666
47.31512589614803,19.417857387705677,-72.40606906171932
47.863009232263856,19.331550299992237,-72.61675034439153
48.417236758409935,19.24497264135309,-72.82612935793675
48.97788193684462,19.15812879197203,-73.03420535006975
49.54501908047901,19.071023092355468,-73.2409781020695
50.118723362727245,18.983659842282048,-73.44644791631283
50.69907082747045,18.89604329981234,-73.65061560385139
51.28613839913649,18.80817768037125,-73.8534824720288
51.8800038928961,18.720067155885577,-74.05505031218004
52.480746024977286,18.63171585398808,-74.25532138740003
53.08844442309885,18.543127857279448,-74.45429842038858
53.70317963702527,18.454307202647975,-74.65198458144155
54.325033149243296,18.365257880647842,-74.84838347647779
54.95408738576248,18.275983834929292,-75.04349913526124
55.590425727040376,18.186488961725583,-75.23733599969438
56.2341325190349,18.096777109388334,-75.42989891227334
56.88529308438414,18.00685207797524,-75.62119310468617
57.54399373371567,17.916717618886018,-75.8112241865483
58.21032177708716,17.826377434542092,-75.99999813430178
58.884365535558906,17.73583517811479,-76.1875212802841
59.56621435290104,17.64509445329665,-76.37380030194666
60.25595860743576,17.55415881411073,-76.55884221126422
60.953689724016954,17.46303176476611,-76.7426543443062
61.65950018614822,17.371716759544732,-76.92524435100319
62.37348354824192,17.280217202732484,-77.10662018508339
63.09573444801929,17.18853644857999,-77.28679009420841
63.82634861905489,17.096677801300824,-77.46576261029529
64.56542290346556,17.004644515100892,-77.6435465400271
65.31305526474723,16.91243979423691,-77.82015095556278
66.06934480075958,16.820066793108087,-77.99558518544481
66.83439175686149,16.727528616372634,-78.16985880569484
67.60829753919819,16.634828319092207,-78.34298163112409
68.39116472814293,16.54196890690117,-78.5149637068272
69.18309709189363,16.448953336200397,-78.68581529988052
69.98419960022737,16.3557845143724,-78.85554689124366
70.79457843841381,16.262465300019116,-79.02416916785715
71.6143410212902,16.16899850321942,-79.19169301493874
72.443596007499,16.07538688580437,-79.35812950848161
73.28245331389044,15.98163316165096,-79.52348990794258
74.13102413009177,15.887739996994219,-79.68778564913235
74.98942093324558,15.793710010749704,-79.8510283373029
75.85775750291837,15.6995457748575,-80.01322974042361
76.73614893618186,15.605249814631359,-80.17440178265235
77.6247116628692,15.510824609127656,-80.33455653799102
78.52356346100719,15.416272591520215,-80.49370622414342
79.43282347242814,15.321596149488567,-80.65186319654238
80.3526122185617,15.226797625614273,-80.80903994257342
81.28305161640995,15.13187931778531,-80.96524907597677
82.22426499470711,15.036843479610356,-81.12050333143075
83.17637711026707,14.941692320836628,-81.27481555930761
84.13951416451948,14.846428007777492,-81.42819872060899
85.11380382023769,14.751052663741696,-81.58066588207468
86.09937521846008,14.655568369470352,-81.73223021145535
87.09635899560804,14.55997716357521,-81.88290497295793
88.1048873008014,14.464281042982204,-82.03270352285554
89.12509381337459,14.368481963374917,-82.18163930525203
90.15711376059569,14.27258183964312,-82.32972584801507
91.20108393559096,14.176582546330463,-82.47697675885517
92.25714271547629,14.080485918082172,-82.6234057215678
93.32543007969917,13.984293750096004,-82.76902649241603
94.40608762859237,13.888007798568996,-82.91385289666977
95.49925860214361,13.791629781146415,-83.05789882528106
96.60508789898131,13.695161377367366,-83.20117823170777
97.72372209558112,13.598604229109704,-83.34370512887033
98.8553094656939,13.50195994103185,-83.4854935862516
100.0,13.405230081012636,-83.62655772711923
101.15794542598984,13.308416180586988,-83.76691172588838
102.32929922807536,13.211519735379875,-83.90656980560671
103.51421666793442,13.114542205534095,-84.04554623556476
104.71285480508996,13.01748501613614,-84.18385532902577
105.92537251772887,12.920349557635395,-84.32151144108161
107.1519305237606,12.82313718626067,-84.45852896661408
108.3926914021204,12.725849224429645,-84.59492233838093
109.64781961431852,12.628486961153754,-84.73070602520498
110.91748152624008,12.531051652437496,-84.86589453027518
112.2018454301963,12.433544521671529,-85.00050238955222
113.50108156723157,12.33596676001969,-85.13454417027741
114.81536214968828,12.23831952679916,-85.26803446958182
116.14486138403429,12.140603949854398,-85.40098791319609
117.48975549395291,12.042821125924432,-85.53341915425149
118.8502227437019,11.944972121002412,-85.66534287217861
120.22644346174133,11.847057970688237,-85.79677377169479
121.61860006463678,11.749079680533868,-85.92772658188089
123.02687708123813,11.651038226380944,-86.0582160553455
124.45146117713858,11.55293455469062,-86.18825696747184
125.89254117941675,11.454769582865552,-86.3178641157456
127.35030810166616,11.356544199563732,-86.4470523191682
128.82495516931337,11.258259265004062,-86.57583641774144
130.31667784523,11.159915611263996,-86.70423127203503
131.82567385564076,11.06151404256833,-86.83225176281961
133.35214321633242,10.963055335569456,-86.95991279077947
134.89628825916532,10.86454023961954,-87.08722927629107
136.4583136588924,10.765969477032511,-87.21421615927288
138.03842646028852,10.667343743338886,-87.34088839909776
139.63683610559377,10.56866370753077,-87.46726097457457
141.2537544622754,10.469930012297167,-87.59334888398956
142.88939585111024,10.371143274251487,-87.71916714521126
144.5439770745928,10.272304084148535,-87.84473079585419
146.21771744567184,10.17341300709295,-87.97005489349968
147.9108388168207,10.074470582737815,-88.09515451597747
149.6235656094433,9.975477325473856,-88.22004476169795
151.35612484362088,9.876433724609145,-88.34474075004019
153.10874616820303,9.777340244538946,-88.4692576217935
154.88166189124811,9.678197324905977,-88.59361053964865
156.67510701081483,9.579005380750514,-88.71781468873777
158.48931924611142,9.479764802651188,-88.84188527722675
160.3245390690042,9.380475956855369,-88.96583753694942
162.18100973589299,9.281139185399255,-89.0896867240933
164.05897731995387,9.181754806218487,-89.21344811992635
165.95869074375616,9.082323113248025,-89.33713703156779
167.88040181225608,8.982844376511865,-89.46076879280506
169.82436524617444,8.883318842202454,-89.58435876494765
171.79083871575878,8.783746732749764,-89.70792233772578
173.78008287493765,8.684128246879489,-89.83147493022477
175.7923613958693,8.584463559660573,-89.95503199186231
177.8279410038923,8.484752822542907,-90.07860900340113
179.88709151287875,8.38499616338292,-90.20222147799683
181.97008586099824,8.285193686459193,-90.32588496228675
184.07720014689565,8.185345472476934,-90.4496150375096
186.2087136662868,8.085451578560981,-90.57342732066152
188.36490894898003,7.985512038237961,-90.69733746568615
190.54607179632464,7.88552686140727,-90.82136116469641
192.75249131909368,7.785496034300179,-90.9455141492298
194.98445997580453,7.685419519427818,-91.06981219153515
197.24227361148533,7.585297255517443,-91.19427110589052
199.52623149688793,7.485129157436681,-91.31890674994887
201.83663636815615,7.384915116106361,-91.44373502611997
204.17379446695293,7.28465499840104,-91.56877188297256
206.53801558105292,7.18434864703688,-91.69403331667428
208.92961308540393,7.083995880448692,-91.81953537245396
211.3489039836648,6.983596492652689,-91.945294146093
213.79620895022327,6.883150253098033,-92.07132578544456
216.271852372702,6.782656906504894,-92.1976464919805
218.7761623949552,6.682116172689759,-92.32427252236249
221.30947096056389,6.58152774637778,-92.45122019004009
223.872113856834,6.480891297001793,-92.57850586687603
226.464430759306,6.38020646848736,-92.70614598479416
229.0867652767772,6.27947287902504,-92.83415703745385
231.739464996848,6.178690120827969,-92.9625555819499
234.4228815319923,6.077857759875716,-93.0913582405338
237.13737056616552,5.976975335643882,-93.22058170236275
239.883291901949,5.876042360818952,-93.35024272527028
242.66100950824145,5.775058320998415,-93.48035813755993
245.47089156850316,5.674022674375917,-93.61094483982451
248.31331052955704,5.572934851411324,-93.74201980678671
251.188643150958,5.471794254484608,-93.87360008916333
254.0972705549304,5.3706002575345355,-94.00570281555292
257.03957827688646,5.269352205681052,-94.13834519434364
260.01595631652725,5.16804941483096,-94.27154451564675
263.02679918953817,5.066691171267284,-94.40531815325174
266.0725059798809,4.965276731221349,-94.53968356660113
269.1534803926917,4.863805320427264,-94.67465830279104
272.2701308077913,4.762276133659338,-94.81025999859168
275.42287033381666,4.660688334250453,-94.94650638248974
278.61211686297696,4.559041053592887,-95.08341527675444
281.8382931264455,4.4573333906194685,-95.22100459952456
285.101826750391,4.3555644112661005,-95.3592923669164
288.4031503126605,4.253733147914212,-95.49829669515503
291.7427014001166,4.151838598813093,-95.63803580272706
295.1209226666387,4.049879727481954,-95.77852801255537
298.538261891796,3.947855462090593,-95.91979175419473
301.9951720402016,3.845764694818695,-96.06184556605129
305.49211132155125,3.7436062811931454,-96.20470809762224
309.0295432513592,3.641379039402629,-96.34839811175867
312.6079367123956,3.539081749589408,-96.49293448694985
316.227766016838,3.4367131531170294,-96.63833621963053
319.88951096913974,3.334271951814205,-96.78462242650944
323.59365692962814,3.23175680719362,-96.9318123469208
327.3406948788383,3.129166339645361,-97.07992534519816
331.13112148259114,3.026499127604076,-97.22898091307178
334.96543915782763,2.923753706689679,-97.37899867208624
338.8441561392024,2.820928568820075,-97.52999837604396
342.76778654645045,2.718022161296239,-97.68199991346918
346.73685045253166,2.6150328858576755,-97.83502331009757
350.751873952568,2.511959097708816,-97.9890887313863
354.81338923357526,2.408799104514229,-98.14421648504928
358.92193464500536,2.305551165362909,-98.30042702361696
363.07805477010146,2.202213489700021,-98.457740947018
367.2823004980846,2.098784236225493,-98.61617900518553
371.5352290971724,1.99526151175867,-98.77576210068904
375.8374042884443,1.891643370067548,-98.93651129138887
380.1893963205613,1.787927810662262,-99.0984477931165
384.5917820453536,1.6841127775511346,-99.26159298237948
389.04514499428046,1.5801961579585795,-99.42596839909123
393.5500754557777,1.4761757810035603,-99.59159574932723
398.10717055349727,1.3720494163376895,-99.75849690810544
402.7170343254591,1.2678147727411035,-99.92669392219304
407.3802778041127,1.1634694966756831,-100.09620901294086
412.0975190973304,1.059011170793628,-100.2670645791421
416.86938347033544,0.954437312400409,-100.43928319991866
421.6965034285822,0.8497453718703837,-100.61288763763476
426.5795188015925,0.7449327310137344,-100.78790084083764
431.51907682776493,0.6399967013932341,-100.9643459472263
436.51583224016616,0.5349345225891278,-101.14224628664655
441.57044735331266,0.4297433604104611,-101.321625384117
446.68359215096314,0.3244203050510424,-101.5025069628808
451.8559443749222,0.2189623691884922,-101.68491494748828
457.08818961487526,0.1133664860240642,-101.86887346690789
462.3810213992604,0.0076295072617777,-102.05440685766737
467.7351412871981,-0.0982517989757333,-102.24153966702356
473.1512589614803,-0.204280750296458,-102.4302966561638
478.63009232263846,-0.3104607522555404,-102.62070280343777
484.17236758409933,-0.4167953006415677,-102.81278330761988
489.77881936844614,-0.5232879838351696,-103.00656359120337
495.45019080479005,-0.6299424852421251,-103.20206930372568
501.18723362727246,-0.736762585803803,-103.3993263251268
506.9907082747045,-0.8437521665877776,-103.59836076913992
512.8613839913648,-0.95091521146134,-103.79919898671464
518.8000389289609,-1.0582558098509804,-104.00186756947414
524.8074602497728,-1.1657781595909809,-104.20639335320556
530.8844442309885,-1.273486569864374,-104.41280342138487
537.0317963702527,-1.3813854642397627,-104.62112510873708
543.2503314924331,-1.4894793838075728,-104.83138600483048
549.5408738576249,-1.597772990419294,-105.0436139577068
555.9042572704037,-1.7062710700339951,-105.25783707754768
562.3413251903492,-1.8149785361758477,-105.47408374037724
568.8529308438414,-1.9239004335073329,-105.69238259180175
575.4399373371567,-2.03304194152226,-105.91276255078708
582.1032177708715,-2.1424083783635113,-106.13525281347272
588.8436553555889,-2.2520052047704646,-106.3598828570257
595.6621435290103,-2.361838028161326,-106.58668244353277
602.5595860743575,-2.4719126068554687,-106.8156816239316
609.5368972401694,-2.5822348544420306,-107.04691074198269
616.5950018614823,-2.692810844300144,-107.28040043828015
623.7348354824192,-2.8036468142776845,-107.51618165430588
630.9573444801931,-2.914749171534482,-107.75428563652223
638.263486190549,-3.0261244975576767,-107.9947439405096
645.6542290346556,-3.137779553355605,-108.2375884351433
653.1305526474723,-3.2497212848388104,-108.48285130681757
660.693448007596,-3.361956828395462,-108.7305650637094
668.3439175686149,-3.4744935166701336,-108.9807625400886
676.082975391982,-3.587338884554468,-109.23347690067249
683.9116472814293,-3.700500675399733,-109.48874164502588
691.8309709189363,-3.8139868474602694,-109.74659061200664
699.8419960022737,-3.927805580579236,-110.00705798425837
707.945784384138,-4.0419652831267285,-110.27017829274966
716.143410212902,-4.1564745992026975,-110.53598642136264
724.4359600749899,-4.271342416116249,-110.8045176115282
732.8245331389044,-4.386577872154665,-111.0758074669108
741.3102413009177,-4.502190364655505,-111.34989195814408
749.8942093324558,-4.618189558396643,-111.62680742761609
758.5775750291837,-4.734585394318882,-111.90659059430492
767.3614893618187,-4.851388098597942,-112.18927855866778
776.2471166286919,-4.968608192082273,-112.47490880758072
785.235634610072,-5.086256500115376,-112.76351921933308
794.3282347242814,-5.204344162761338,-113.0551480686746
803.5261221856169,-5.32288264545413,-113.34983403191768
812.8305161640995,-5.441883750092071,-113.64761619209516
822.2426499470711,-5.561359626600484,-113.94853404417348
831.7637711026708,-5.681322784986628,-114.2526275003231
841.3951416451948,-5.801786107912839,-114.55993689524647
851.1380382023768,-5.922762863815003,-114.87050299156448
860.9937521846009,-6.0442667205960205,-115.1843669852613
870.9635899560807,-6.166311759924568,-115.50157051119044
881.0488730080137,-6.288912492172755,-115.82215564863984
891.2509381337458,-6.412083872027483,-116.1461649269607
901.5711376059571,-6.535841314813158,-116.4736413312562
912.0108393559096,-6.6602007135655565,-116.804628308136
922.571427154763,-6.78517845689975,-117.1391697715334
933.2543007969916,-6.91079144771747,-117.47731010858716
944.0608762859235,-7.037057122802475,-117.81909418559036
954.992586021436,-7.163993473356501,-118.1645673540062
966.0508789898131,-7.291619066530809,-118.51377545654982
977.2372209558112,-7.419953068013591,-118.86676483334124
988.553094656939,-7.549015265736829,-119.22358232812545
1000.0,-7.678826094771256,-119.58427529456593
1011.5794542598984,-7.80940666348311,-119.94889160260688
1023.2929922807537,-7.94077878103148,-120.3174796449104
1035.142166679343,-8.072964986291314,-120.69008834336653
1047.1285480508984,-8.20598857829345,-121.0667671556778
1059.2537251772899,-8.33987364827995,-121.44756608201997
1071.519305237607,-8.474698555164526,-121.66511026109256
1083.9269140212039,-8.610383439240444,-122.05236291256357
1096.4781961431852,-8.747007204356262,-122.44386655159988
1109.174815262401,-8.884597468020106,-122.83967315646372
1122.0184543019627,-9.023182828486888,-123.23983527936002
1135.0108156723143,-9.162792909048365,-123.64440605354164
1148.1536214968817,-9.303458404883017,-124.0534392004968
1161.4486138403436,-9.445211132649089,-124.46698903722358
1174.8975549395304,-9.58808408301823,-124.88511048358876
1188.5022274370187,-9.732111476366285,-125.30785906977503
1202.2644346174131,-9.87732882185428,-125.73529094381745
1216.186000646368,-10.023772980155218,-126.1674628792294
1230.2687708123813,-10.171482230103967,-126.6044322827208
1244.5146117713844,-10.32049633957331,-127.04625720201008
1258.9254117941664,-10.470856640906565,-127.49299633372964
1273.5030810166627,-10.622606111268496,-127.9447090314286
1288.249551693135,-10.775789458309639,-128.4014553136732
1303.1667784523,-10.930453211578069,-128.8632958722471
1318.2567385564075,-11.0866458201534,-129.33029208045215
1333.521432163324,-11.244417757025696,-129.80250600151277
1348.9628825916532,-11.403821630793505,-130.2800003970852
1364.583136588924,-11.564912305313744,-130.76283873587315
1380.3842646028838,-11.727747028000813,-131.251085202352
1396.3683610559365,-11.892385567545627,-131.74480470560383
1412.5375446227556,-12.05889036190655,-132.24406288826486
1428.8939585111038,-12.227326677515823,-132.74892613558723
1445.439770745928,-12.397762780748629,-133.2594615846193
1462.1771744567184,-12.570270122817895,-133.775737133503
1479.1083881682073,-12.744923539389166,-134.297821450894
1496.235656094433,-12.921801466358689,-134.8257839855063
1513.5612484362073,-13.100986173405856,-135.3596949757817
1531.0874616820288,-13.282564017122704,-135.89962545969107
1548.816618912483,-13.466625715740069,-136.44564728466523
1566.75107010815,-13.653266647719015,-136.99783311766123
1584.8931924611143,-13.84258717675927,-137.55625645536898
1603.2453906900419,-14.034732071742273,-137.99573748879203
1621.8100973589299,-14.229735540983384,-138.5654093080099
1640.5897731995387,-14.427753340429632,-139.14152740937243
1659.5869074375598,-14.628909662576204,-139.7241685189174
1678.8040181225588,-14.833335821463768,-140.31341024336916
1698.243652461746,-15.04117081185272,-140.90933108121664
1717.9083871575895,-15.2525619251468,-141.51201043395386
1737.8008287493763,-15.46766542915848,-142.1215286174893
1757.923613958693,-15.686647319865338,-142.73796687372575
1778.2794100389228,-15.909684154549485,-143.361407382319
1798.8709151287871,-16.13696397717475,-143.9919332726177
1819.7008586099828,-16.368687348586135,-144.62962863579136
1840.7720014689544,-16.605068496168126,-145.2745785371534
1862.0871366628655,-16.846336600042314,-145.92686902868255
1883.649089489802,-17.09273723580653,-146.58658716175123
1905.4607179632485,-17.34453399732456,-147.25382100006848
1927.5249131909368,-17.602010327305152,-147.92865963284328
1949.8445997580457,-17.865471588528056,-148.61119318817703
1972.4227361148537,-18.135247414807203,-149.30151284669435
1995.2623149688789,-18.411694388399194,-149.99971085541955
2018.36636368156,-18.695199099930523,-150.70588054191128
2041.737944669528,-18.98618165849176,-151.42011632866297
2065.380155810531,-19.285099733935663,-152.14251374778289
2089.2961308540407,-19.59245323141296,-152.87316945596413
2113.4890398366474,-19.908789720835664,-153.6121812497586
2137.962089502232,-20.2347406438902,-154.25943045998494
2162.71852372702,-20.570909955181268,-155.01429197175403
2187.761623949552,-20.918060038177902,-155.7777965172753
2213.0947096056366,-21.27700466170396,-156.5500464562416
2238.721138568338,-21.64865055985636,-157.3311453678641
2264.6443075930615,-22.034012305802143,-158.1211980682868
2290.867652767775,-22.43423029443351,-158.92031062843307
2317.39464996848,-22.850592648277416,-159.72859039230624
2344.228815319923,-23.28456212138334,-160.54614599577323
2371.373705661655,-23.737809435920667,-161.3730873858578
2398.8329190194895,-24.21225499100204,-162.20952584057895
2426.6100950824143,-24.710121601798697,-163.05557398936503
2454.7089156850284,-25.234001966891768,-163.91134583408615
2483.133105295568,-25.786946094278637,-164.77695677073876
2511.8864315095825,-26.372576220663785,-165.65252361183428
2540.9727055493067,-26.995240301365016,-166.5381646095279
2570.3957827688646,-27.660220732528526,-167.43399947954703
2600.1595631652726,-28.374024020514103,-168.3401494259535
2630.267991895382,-29.14479226492273,-169.25673716679313
2660.7250597988086,-29.982903621763633,-170.18388696065128
2691.5348039269143,-30.901900295619967,-171.03761347957249
2722.70130807791,-31.9198074239099,-171.98529247792064
2754.228703338169,-33.061584744229414,-172.94390454794757
2786.1211686297725,-34.36302577095336,-173.913580260604
2818.3829312644552,-35.87817873339397,-174.8944518653071
2851.01826750391,-37.694365362754446,-175.88665330807436
2884.0315031266055,-39.96675083128829,-176.89032022135524
2917.4270140011663,-43.01415808859223,-177.90558979849644
2951.209226666384,-47.68240114123333,-178.932599975678
2985.3826189179567,-58.250902731162014,-179.97147645636
3019.9517204020194,-55.64875951726181,-1.022455421404055
3054.9211132155156,-46.954618541664914,-2.085539177186489
3090.2954325135925,-42.738128245091154,-3.160954064575936
3126.079367123956,-39.94163717353449,-4.248840104776661
3162.2776601683795,-37.85348745177102,-5.349347680705364
3198.895109691397,-36.19143277739017,-6.462630252664751
3235.9365692962806,-34.81442775724904,-7.516612346677669
3273.4069487883794,-33.64172744174465,-8.655078845748264
3311.311214825908,-32.622835304419525,-9.806785957405875
3349.6543915782795,-31.724032048390242,-10.97189706362204
3388.441561392028,-30.921691629747265,-12.150578219583732
3427.6778654645045,-30.198621124806376,-13.342998264667484
3467.368504525317,-29.54192289002872,-14.549328946909368
3507.5187395256794,-28.9416772689018,-15.769745061972904
3548.133892335753,-28.39009472377009,-17.004424608339917
3589.2193464500497,-27.880949952154417,-18.25354896100257
3630.7805477010097,-27.409192444237863,-19.517303066472
3672.8230049808494,-26.970671332558226,-20.795875662484256
3715.352290971728,-26.561936515258097,-22.08945952648173
3758.374042884443,-26.18010717895052,-23.33533183484404
3801.8939632056126,-25.82270146901212,-24.65880558102056
3845.917820453536,-25.48764253560876,-25.99788775468564
3890.4514499428046,-25.173134108046153,-27.352790448311303
3935.500754557773,-24.877624577854757,-28.723731678104446
3981.0717055349687,-24.599766842842364,-30.11093595200871
4027.1703432545946,-24.338386197220743,-31.514634932168256
4073.8027780411303,-24.092454417218363,-32.93506821144741
4120.975190973304,-23.8610686708186,-34.37248422840609
4168.693834703356,-23.643434222832443,-35.827141351288105
4216.965034285822,-23.43885015477827,-37.29930916956856
4265.795188015926,-23.246697501268407,-38.78927004200475
4315.19076827765,-23.06644170287077,-40.241132854191264
4365.158322401657,-22.897575124633704,-41.76693707916699
4415.704473533121,-22.739683366706245,-43.31147129141216
4466.835921509635,-22.59239073695442,-44.87509206731585
4518.5594437492255,-22.455367310263608,-46.45818331133872
4570.881896148751,-22.32832466755648,-48.061161564562845
4623.810213992604,-22.21101228162995,-49.68448271286148
4677.351412871982,-22.103214458602046,-51.32865054729083
4731.512589614802,-22.00474776301982,-52.99422780471193
4786.30092322638,-21.915458871336494,-54.68185057242265
4841.723675840989,-21.835232741126024,-56.34181197264856
4897.788193684466,-21.76395173871665,-58.07524501473565
4954.501908047906,-21.701553477360903,-59.83329051661303
5011.872336272725,-21.647991125700337,-61.61714781305076
5069.907082747045,-21.603242864143105,-63.42828435783562
5128.613839913648,-21.567312160734936,-65.26853304418158
5188.000389289608,-21.54022875913344,-67.14023568991418
5248.074602497723,-21.5220507372614,-69.0464604329487
5308.84444230988,-21.512868322042245,-70.99134162488878
5370.317963702533,-21.512818762255232,-72.93486060962489
5432.503314924336,-21.522067662675287,-74.97633124854464
5495.408738576249,-21.540881367600345,-77.08302673063278
5559.0425727040365,-21.569649084168383,-79.2748515295895
5623.413251903491,-21.60901449755648,-81.58562304773211
5688.529308438414,-21.66020232278203,-84.07800453704189
5754.399373371567,-21.726042567468365,-86.88287936378882
5821.03217770871,-21.81512106888619,-90.3270664692901
5888.4365535558845,-21.967701752708592,-95.47274059561971
5956.62143529011,-22.69465573392425,-109.60523035612187
6025.5958607435805,-23.9299906138528,-59.897562005086975
6095.368972401694,-22.30881571336712,-83.36662653321817
6165.950018614823,-22.317701976875608,-89.63477340844433
6237.348354824192,-22.423120192202894,-93.500889369334
6309.573444801929,-22.55899602323137,-96.61251433916524
6382.634861905483,-22.71421745643084,-99.40270950086148
6456.54229034655,-22.886089332486435,-101.99558967138329
6531.30552647473,-23.07407375774029,-104.54331806997784
6606.9344800759645,-23.278425941454792,-107.04694777209735
6683.439175686149,-23.49976619621877,-109.52923501585803
6760.829753919819,-23.73894650057792,-112.00429563933427
6839.116472814294,-23.99700414375845,-114.48139982066644
6918.3097091893615,-24.27515301398123,-116.96692960823698
6998.419960022731,-24.574797645393502,-119.42940908422312
7079.457843841374,-24.89754133165152,-121.94391789628231
7161.434102129027,-25.24524185112348,-124.47742155002824
7244.359600749905,-25.62004218340163,-127.03197336017732
7328.245331389043,-26.02443344306789,-129.60923648136819
7413.102413009177,-26.461332283993706,-132.2105914881207
7498.942093324558,-26.934185241089445,-134.8037326030322
7585.775750291837,-27.447093558205303,-137.45624500655535
7673.614893618185,-28.00501151061272,-140.13593255040695
7762.471166286912,-28.613987548112977,-142.8436039158543
7852.356346100711,-29.28152049165209,-145.57999849495673
7943.282347242823,-30.017069462137165,-148.34580214689194
8035.261221856178,-30.832812781075287,-151.11027092392547
8128.305161640995,-31.744805105469503,-153.9364308221191
8222.42649947071,-32.77485237192124,-156.7938410448076
8317.63771102671,-33.953647558198924,-159.6830718177642
8413.95141645195,-35.326412491953135,-162.60468040667112
8511.380382023759,-36.9638766464746,-165.55921548441177
8609.937521845999,-38.98610888712207,-168.51754447781548
8709.635899560815,-41.62294524659404,-171.53921930978328
8810.488730080147,-45.40986950058194,-174.5954476618774
8912.509381337459,-52.21211839904952,-177.68677806915275
9015.711376059571,-67.22412409766068,-0.8138079240705572
9120.108393559096,-49.662573014110485,-3.9490708219835913
9225.71427154763,-44.29736888320926,-7.148797433370224
9332.543007969904,-41.055305948511545,-10.385952706458792
9440.608762859225,-38.74446452289248,-13.66117266823046
9549.925860214367,-36.96263157473,-16.975128901972777
9660.508789898142,-35.524647902026665,-20.302055247583365
9772.372209558112,-34.32993556710205,-23.695382818904704
9885.530946569392,-33.3178384212606,-27.12977920088008
10000.0,-32.449042155216475,-30.6061876005644
